{
    "ADEN": [
        1583.4275593950576,
        1602.7214849150066
    ],
    "AERO": [
        3664.1268171276,
        1199.0827848996466
        
    ],
    "ALMG": [
        
    ],
    "ALUM": [
        
    ],
    "ANDS": [
        
    ],
    "ARNT": [
        
    ],
    "ATLS": [
        
    ],
    "BCAPA": [
        
    ],
    "BCAPB": [
        
    ],
    "BIOT": [
        3147.609270865319,
        1378.6431914328502
        
    ],
    "bker": [
        1352.4528132079292,
        1598.1267662626078
        
    ],
    "BRKT": [
        1631.2549443742923,
        1556.826036653269
        
    ],
    "BUCK": [
        2024.666513967716,
        2157.3427818276073
       
    ],
    "C4C": [
        1630.2613810509306,
        1900.3488465452356
      
    ],
    "CARL": [
        
    ],
    "CASA": [
      
    ],
    "CASE": [
       
    ],
    "CHEY": [
        
    ],
    "CHMP": [
      
    ],
    "CKRL": [
        1676.307241588919,
        1596.7920394181042
     
    ],
    "CROS": [
        1645.3359854028088,
        1668.552888836977
       
    ],
    "DACR": [
       
    ],
    "DALW": [
       
    ],
    "DLC": [
        
    ],
    "DLYT": [
        
    ],
    "DUAN": [
    
    ],
    "ECAD": [
   
    ],
    "ECCE": [
    
    ],
    "ECCR": [
        1737.0166225143498,
        1579.6711265104193
    ],
    "ECEE": [
       
    ],
    "ECES": [
     
    ],
    "ECME": [
        1769.795178696464,
        1494.673824784957
    ],
    "ECON": [
      
    ],
    "ECOT": [
        1783.6791692222505,
        1555.063446412114
    ],
    "ECST": [
   
    ],
    "EDEP": [
     
    ],
    "EHSC": [
        
    ],
    "EKLC": [
        
    ],
    "ENVD": [
       
    ],
    "FRND": [
     
    ],
    "GOLD": [
       
    ],
    "GUGG": [
        
    ],
    "HEND": [
        
    ],
    "HLET": [
       
    ],
    "HLMS": [
     
    ],
    "ITLL": [
     
    ],
    "kcen": [

    ],
    "KITW": [
  
    ],
    "KOBL": [
      
    ],
    "KTCH": [
   
    ],
    "LESS": [
     
    ],
    "LIBR": [
   
    ],
    "LIBY": [
      
    ],
    "LSRL": [
    
    ],
    "MUS": [
   
    ],
    "RAMY": [
      
    ],
    "REC": [
     
    ],
    "REED": [
        1644.3253186739532,
        1740.758687311197
    
    ],
    "SEEC": [
        3816.1228546056295,
        1219.0957463455532
    ],
    "SMTH": [
        1928.1636800790986,
        2194.2629651259535
     
    ],
    "SPSC": [
        3464.3289293320595,
        975.8773038694894
    ],
    "STAD": [
        1439.3028222861644,
        1275.3357186971991
   
    ],
    "STRN": [
     
    ],
    "STSB": [

    ],
    "STTB": [
  
    ],
    "SWLL": [
  
    ],
    "UMC": [

    ],
    "URES": [
   
    ],
    "VAC": [
   
    ],
    "WLAW": [
   
    ],
    "WLRD": [
   
    ],
    "WVC": [
      
    ],
    "WVE": [
     
    ],
    "WVN": [
    
    ],
    "WVRC": [
     
    ]
}
