{
    
    "AERO": [
        3487.9709792509043,
        1891.1346087801896
    ],
    "BIOT": [
        2012.821418763276,
        2469.9608791924957
    ],
    "LSRL": [
        953.7231348462343,
        1088.7803300493108
    ],
    "SEEC": [
        662.4936557695178,
        578.7210031347963
    ],
    "SEEL": [
        4239.20864986536,
        2360.7131395386377
    ]
    ,
    "SPSC": [
        2956.213608259199,
        1218.1097141749863
    ]
}